{
  "capture_id_prefix": "pie_topdown_clear",
  "pose": {
    "x": -51460.62270224162,
    "y": -7804.584236284535,
    "z": 30000.0,
    "pitch": -90.0,
    "yaw": 0.0,
    "roll": 0.0
  }
}
